TDSFU Daily run: Tue Oct 21 16:48:03 UTC 2025 TDSFU
TDSFU Daily run: Wed Oct 22 04:46:26 UTC 2025 TDSFU
TDSFU Daily run: Thu Oct 23 04:45:13 UTC 2025 TDSFU
TDSFU Daily run: Fri Oct 24 04:43:29 UTC 2025 TDSFU
TDSFU Daily run: Sat Oct 25 04:42:08 UTC 2025 TDSFU
TDSFU Daily run: Sun Oct 26 04:43:13 UTC 2025 TDSFU
TDSFU Daily run: Mon Oct 27 04:52:54 UTC 2025 TDSFU
TDSFU Daily run: Tue Oct 28 04:46:19 UTC 2025 TDSFU
TDSFU Daily run: Wed Oct 29 04:50:26 UTC 2025 TDSFU
TDSFU Daily run: Thu Oct 30 04:45:13 UTC 2025 TDSFU
TDSFU Daily run: Fri Oct 31 04:47:56 UTC 2025 TDSFU
TDSFU Daily run: Sat Nov  1 04:33:08 UTC 2025 TDSFU
